id,keyword,location,text,target,pre_prompt,prompt,chat_gpt_response,notes
131,accident,"Wilmington, NC",;ACCIDENT PROPERTY DAMAGE; PINER RD/HORNDALE DR,1,"write me a tweet similar to this one, under 141 characters, does not use contractions, but refers to a different activity and location:","write me a tweet similar to this one, under 141 characters, does not use contractions, but refers to a different activity and location: ;ACCIDENT PROPERTY DAMAGE; PINER RD/HORNDALE DR","Accident reported, property damage on Piner Rd/Horndale Dr intersection. Please drive safely and mind the road conditions.",
144,accident,UK,.@NorwayMFA #Bahrain police had previously died in a road accident they were not killed by explosion https://t.co/gFJfgTodad,1,"write me a tweet similar to this one, under 141 characters, does not use contractions, but refers to a different activity and location:","write me a tweet similar to this one, under 141 characters, does not use contractions, but refers to a different activity and location: .@NorwayMFA #Bahrain police had previously died in a road accident they were not killed by explosion https://t.co/gFJfgTodad",".@USDeptofState #Japan authorities confirm the incident involved a fire outbreak, not an explosion. Details emerging.",
3935,devastated,Banbridge,'Er indoors will be devastated. RIP Arfur. #GeorgeCole,1,"write me a tweet similar to this one, under 141 characters, does not use contractions, but refers to a different activity and location:","write me a tweet similar to this one, under 141 characters, does not use contractions, but refers to a different activity and location: 'Er indoors will be devastated. RIP Arfur. #GeorgeCole",Heartbreaking news about Arfur. Condolences to the family. #InMemoriam #GeorgeCole,
3905,devastated,REPUBLICA DOMINICANA,(#LosDelSonido) Obama Declares Disaster for Typhoon-Devastated Saipan: Obama signs disaster declaration for Northern Ma...  (#IvanBerroa),1,"write me a tweet similar to this one, under 141 characters, does not use contractions, but refers to a different activity and location:","write me a tweet similar to this one, under 141 characters, does not use contractions, but refers to a different activity and location: (#LosDelSonido) Obama Declares Disaster for Typhoon-Devastated Saipan: Obama signs disaster declaration for Northern Ma...  (#IvanBerroa)",Obama approves disaster declaration for flood-stricken New Orleans. Recovery efforts underway. #IvanBerroa ,
201,airplane%20accident,,@AlexAllTimeLow awwww they're on an airplane accident and they're gonna die what a cuties ???? good job!,1,"write me a tweet similar to this one, under 141 characters, does not use contractions, but refers to a different activity and location:","write me a tweet similar to this one, under 141 characters, does not use contractions, but refers to a different activity and location: @AlexAllTimeLow awwww they're on an airplane accident and they're gonna die what a cuties ???? good job!",@ChrisEvans they're exploring underwater caves and they're so adorable. Wishing them safe adventures!,missed sarcasm
3936,devastated,"Port Orange, FL",@argentings WE COULD HAVE HAD IT AAAAAAALLLL I?Ûªm not even on that season and I?Ûªm devastated,1,"write me a tweet similar to this one, under 141 characters, does not use contractions, but refers to a different activity and location:","write me a tweet similar to this one, under 141 characters, does not use contractions, but refers to a different activity and location: @argentings WE COULD HAVE HAD IT AAAAAAALLLL I?Ûªm not even on that season and I?Ûªm devastated","@silverliningss The team missed the championship by a hair! Even though I wasn't there, my heart's breaking.",incorrect label
48,ablaze,Birmingham,@bbcmtd Wholesale Markets ablaze http://t.co/lHYXEOHY6C,1,"write me a tweet similar to this one, under 141 characters, does not use contractions, but refers to a different activity and location:","write me a tweet similar to this one, under 141 characters, does not use contractions, but refers to a different activity and location: @bbcmtd Wholesale Markets ablaze http://t.co/lHYXEOHY6C",@bbcmtd Historic library engulfed in flames. Devastating loss for the community. #heritage ,
3819,detonate,Colorado,@BldrCOSheriff says 2nd grenade found is 'younger' that WWII era grenade found earlier. They'll detonate it at 8:00 tonight. @CBSDenver,1,"write me a tweet similar to this one, under 141 characters, does not use contractions, but refers to a different activity and location:","write me a tweet similar to this one, under 141 characters, does not use contractions, but refers to a different activity and location: @BldrCOSheriff says 2nd grenade found is 'younger' that WWII era grenade found earlier. They'll detonate it at 8:00 tonight. @CBSDenver","@BldrCOSheriff confirms discovery of another grenade, newer than WWII era. Scheduled detonation at 8:00 tonight. Stay safe. @CBSDenver",not significantly different
3826,detonate,,@channelstv:That's why terrorism is not d war for d army but for Intel agents who can counter their moves before they detonate their bombs.,1,"write me a tweet similar to this one, under 141 characters, does not use contractions, but refers to a different activity and location:","write me a tweet similar to this one, under 141 characters, does not use contractions, but refers to a different activity and location: @channelstv:That's why terrorism is not d war for d army but for Intel agents who can counter their moves before they detonate their bombs.","@channelstv: Terrorism requires diligent intelligence work to preempt attacks, ensuring safety before bombs are deployed.",
91,ablaze,"Concord, CA",@Navista7 Steve these fires out here are something else! California is a tinderbox - and this clown was setting my 'hood ablaze @News24680,1,"write me a tweet similar to this one, under 141 characters, does not use contractions, but refers to a different activity and location:","write me a tweet similar to this one, under 141 characters, does not use contractions, but refers to a different activity and location: @Navista7 Steve these fires out here are something else! California is a tinderbox - and this clown was setting my 'hood ablaze @News24680",,
93,ablaze,Birmingham,@nxwestmidlands huge fire at Wholesale markets ablaze http://t.co/rwzbFVNXER,1,"write me a tweet similar to this one, under 141 characters, does not use contractions, but refers to a different activity and location:","write me a tweet similar to this one, under 141 characters, does not use contractions, but refers to a different activity and location: @nxwestmidlands huge fire at Wholesale markets ablaze http://t.co/rwzbFVNXER",,
3838,detonate,Northern Ireland,@SourMashNumber7 @tomfromireland @rfcgeom66 @BBCTalkback They didn't succeed the other two times either. Bomb didn't detonate&amp;Shots missed.,1,"write me a tweet similar to this one, under 141 characters, does not use contractions, but refers to a different activity and location:","write me a tweet similar to this one, under 141 characters, does not use contractions, but refers to a different activity and location: @SourMashNumber7 @tomfromireland @rfcgeom66 @BBCTalkback They didn't succeed the other two times either. Bomb didn't detonate&amp;Shots missed.",,
3904,devastated,,@UN No more #GujaratRiot &amp; #MumbaiRiot92-93 which devastated 1000&amp;1000 Indianperpetrated by #Modi &amp; #ChawalChorbjp @UN_Women  @UNNewsTeam,1,"write me a tweet similar to this one, under 141 characters, does not use contractions, but refers to a different activity and location:","write me a tweet similar to this one, under 141 characters, does not use contractions, but refers to a different activity and location: @UN No more #GujaratRiot &amp; #MumbaiRiot92-93 which devastated 1000&amp;1000 Indianperpetrated by #Modi &amp; #ChawalChorbjp @UN_Women  @UNNewsTeam",,
3948,devastation,Columbus,@WesleyLowery ?????? how are you going to survive this devastation?,1,"write me a tweet similar to this one, under 141 characters, does not use contractions, but refers to a different activity and location:","write me a tweet similar to this one, under 141 characters, does not use contractions, but refers to a different activity and location: @WesleyLowery ?????? how are you going to survive this devastation?",,
50,ablaze,AFRICA,#AFRICANBAZE: Breaking news:Nigeria flag set ablaze in Aba. http://t.co/2nndBGwyEi,1,"write me a tweet similar to this one, under 141 characters, does not use contractions, but refers to a different activity and location:","write me a tweet similar to this one, under 141 characters, does not use contractions, but refers to a different activity and location: #AFRICANBAZE: Breaking news:Nigeria flag set ablaze in Aba. http://t.co/2nndBGwyEi",,
3812,detonate,"Broomfield, CO",#Boulder deputies are waiting for the bomb squad to detonate grenade like this one found in Stearns lake today http://t.co/7cADM3lNkO,1,"write me a tweet similar to this one, under 141 characters, does not use contractions, but refers to a different activity and location:","write me a tweet similar to this one, under 141 characters, does not use contractions, but refers to a different activity and location: #Boulder deputies are waiting for the bomb squad to detonate grenade like this one found in Stearns lake today http://t.co/7cADM3lNkO",,
139,accident,"Hagerstown, MD",#BREAKING: there was a deadly motorcycle car accident that happened to #Hagerstown today. I'll have more details at 5 @Your4State. #WHAG,1,"write me a tweet similar to this one, under 141 characters, does not use contractions, but refers to a different activity and location:","write me a tweet similar to this one, under 141 characters, does not use contractions, but refers to a different activity and location: #BREAKING: there was a deadly motorcycle car accident that happened to #Hagerstown today. I'll have more details at 5 @Your4State. #WHAG",,
10,,,"#flood #disaster Heavy rain causes flash flooding of streets in Manitou, Colorado Springs areas",1,"write me a tweet similar to this one, under 141 characters, does not use contractions, but refers to a different activity and location:","write me a tweet similar to this one, under 141 characters, does not use contractions, but refers to a different activity and location: #flood #disaster Heavy rain causes flash flooding of streets in Manitou, Colorado Springs areas",,
19,,,#Flood in Bago Myanmar #We arrived Bago,1,"write me a tweet similar to this one, under 141 characters, does not use contractions, but refers to a different activity and location:","write me a tweet similar to this one, under 141 characters, does not use contractions, but refers to a different activity and location: #Flood in Bago Myanmar #We arrived Bago",,
3842,detonate,"Orlando, FL",#hiphop #news #indie Apollo Brown ?ÛÒ ?ÛÏDetonate?Û? Ft. M.O.P. - &lt;a href='http://t.co/WnowfVCbMs... http://t.co/JxWOjxqndC,1,"write me a tweet similar to this one, under 141 characters, does not use contractions, but refers to a different activity and location:","write me a tweet similar to this one, under 141 characters, does not use contractions, but refers to a different activity and location: #hiphop #news #indie Apollo Brown ?ÛÒ ?ÛÏDetonate?Û? Ft. M.O.P. - &lt;a href='http://t.co/WnowfVCbMs... http://t.co/JxWOjxqndC",,
79,ablaze,USA,#Kurds trampling on Turkmen flag later set it ablaze while others vandalized offices of Turkmen Front in #Diyala http://t.co/4IzFdYC3cg,1,"write me a tweet similar to this one, under 141 characters, does not use contractions, but refers to a different activity and location:","write me a tweet similar to this one, under 141 characters, does not use contractions, but refers to a different activity and location: #Kurds trampling on Turkmen flag later set it ablaze while others vandalized offices of Turkmen Front in #Diyala http://t.co/4IzFdYC3cg",,
18,,,#raining #flooding #Florida #TampaBay #Tampa 18 or 19 days. I've lost count ,1,"write me a tweet similar to this one, under 141 characters, does not use contractions, but refers to a different activity and location:","write me a tweet similar to this one, under 141 characters, does not use contractions, but refers to a different activity and location: #raining #flooding #Florida #TampaBay #Tampa 18 or 19 days. I've lost count ",,
8,,,#RockyFire Update => California Hwy. 20 closed in both directions due to Lake County fire - #CAfire #wildfires,1,"write me a tweet similar to this one, under 141 characters, does not use contractions, but refers to a different activity and location:","write me a tweet similar to this one, under 141 characters, does not use contractions, but refers to a different activity and location: #RockyFire Update => California Hwy. 20 closed in both directions due to Lake County fire - #CAfire #wildfires",,
120,accident,"Arlington, TX",#TruckCrash Overturns On #FortWorth Interstate http://t.co/Rs22LJ4qFp Click here if you've been in a crash&gt;http://t.co/Ld0unIYw4k,1,"write me a tweet similar to this one, under 141 characters, does not use contractions, but refers to a different activity and location:","write me a tweet similar to this one, under 141 characters, does not use contractions, but refers to a different activity and location: #TruckCrash Overturns On #FortWorth Interstate http://t.co/Rs22LJ4qFp Click here if you've been in a crash&gt;http://t.co/Ld0unIYw4k",,
6,,,"13,000 people receive #wildfires evacuation orders in California ",1,"write me a tweet similar to this one, under 141 characters, does not use contractions, but refers to a different activity and location:","write me a tweet similar to this one, under 141 characters, does not use contractions, but refers to a different activity and location: 13,000 people receive #wildfires evacuation orders in California ",,
3824,detonate,Worldwide,52.214904 5.139055 Nuke please. Target Hilversum please detonate 800 meters below surface.,1,"write me a tweet similar to this one, under 141 characters, does not use contractions, but refers to a different activity and location:","write me a tweet similar to this one, under 141 characters, does not use contractions, but refers to a different activity and location: 52.214904 5.139055 Nuke please. Target Hilversum please detonate 800 meters below surface.",,
3895,detonation,Geneva,70 years after : Hiroshima and Nagasaki - consequences of a nuclear detonation @ICRC http://t.co/BKh7Z6CWWl,1,"write me a tweet similar to this one, under 141 characters, does not use contractions, but refers to a different activity and location:","write me a tweet similar to this one, under 141 characters, does not use contractions, but refers to a different activity and location: 70 years after : Hiroshima and Nagasaki - consequences of a nuclear detonation @ICRC http://t.co/BKh7Z6CWWl",,
3955,devastation,  News,70 Years After Atomic Bombs Japan Still Struggles With War Past: The anniversary of the devastation wrought b... http://t.co/ohNdh2rI0V,1,"write me a tweet similar to this one, under 141 characters, does not use contractions, but refers to a different activity and location:","write me a tweet similar to this one, under 141 characters, does not use contractions, but refers to a different activity and location: 70 Years After Atomic Bombs Japan Still Struggles With War Past: The anniversary of the devastation wrought b... http://t.co/ohNdh2rI0V",,
134,accident,,8/6/2015@2:09 PM: TRAFFIC ACCIDENT NO INJURY at 2781 WILLIS FOREMAN RD http://t.co/VCkIT6EDEv,1,"write me a tweet similar to this one, under 141 characters, does not use contractions, but refers to a different activity and location:","write me a tweet similar to this one, under 141 characters, does not use contractions, but refers to a different activity and location: 8/6/2015@2:09 PM: TRAFFIC ACCIDENT NO INJURY at 2781 WILLIS FOREMAN RD http://t.co/VCkIT6EDEv",,
137,accident,Charlotte,9 Mile backup on I-77 South...accident blocking the Right 2 Lanes at Exit 31 Langtree Rd...consider NC 115 or NC 150 to NC 16 as alternate,1,"write me a tweet similar to this one, under 141 characters, does not use contractions, but refers to a different activity and location:","write me a tweet similar to this one, under 141 characters, does not use contractions, but refers to a different activity and location: 9 Mile backup on I-77 South...accident blocking the Right 2 Lanes at Exit 31 Langtree Rd...consider NC 115 or NC 150 to NC 16 as alternate",,
135,accident,global,Aashiqui Actress Anu Aggarwal On Her Near-Fatal Accident http://t.co/6Otfp31LqW,1,"write me a tweet similar to this one, under 141 characters, does not use contractions, but refers to a different activity and location:","write me a tweet similar to this one, under 141 characters, does not use contractions, but refers to a different activity and location: Aashiqui Actress Anu Aggarwal On Her Near-Fatal Accident http://t.co/6Otfp31LqW",,
3933,devastated,,abcnews - Obama Declares Disaster for Typhoon-Devastated Saipan: Obama signs disaster declaration for Northern... http://t.co/mg5eAJElul,1,"write me a tweet similar to this one, under 141 characters, does not use contractions, but refers to a different activity and location:","write me a tweet similar to this one, under 141 characters, does not use contractions, but refers to a different activity and location: abcnews - Obama Declares Disaster for Typhoon-Devastated Saipan: Obama signs disaster declaration for Northern... http://t.co/mg5eAJElul",,
98,accident,"Santa Clara, CA",Accident center lane blocked in #SantaClara on US-101 NB before Great America Pkwy #BayArea #Traffic http://t.co/pmlOhZuRWR,1,"write me a tweet similar to this one, under 141 characters, does not use contractions, but refers to a different activity and location:","write me a tweet similar to this one, under 141 characters, does not use contractions, but refers to a different activity and location: Accident center lane blocked in #SantaClara on US-101 NB before Great America Pkwy #BayArea #Traffic http://t.co/pmlOhZuRWR",,
121,accident,"South Bloomfield, OH",Accident in #Ashville on US 23 SB before SR 752 #traffic http://t.co/hylMo0WgFI,1,"write me a tweet similar to this one, under 141 characters, does not use contractions, but refers to a different activity and location:","write me a tweet similar to this one, under 141 characters, does not use contractions, but refers to a different activity and location: Accident in #Ashville on US 23 SB before SR 752 #traffic http://t.co/hylMo0WgFI",,
130,accident,"Manchester, NH",Accident left lane blocked in #Manchester on Rt 293 NB before Eddy Rd stop and go traffic back to NH-3A delay of 4 mins #traffic,1,"write me a tweet similar to this one, under 141 characters, does not use contractions, but refers to a different activity and location:","write me a tweet similar to this one, under 141 characters, does not use contractions, but refers to a different activity and location: Accident left lane blocked in #Manchester on Rt 293 NB before Eddy Rd stop and go traffic back to NH-3A delay of 4 mins #traffic",,
97,accident,"Nashville, TN",Accident on I-24 W #NashvilleTraffic. Traffic moving 8m slower than usual. https://t.co/0GHk693EgJ,1,"write me a tweet similar to this one, under 141 characters, does not use contractions, but refers to a different activity and location:","write me a tweet similar to this one, under 141 characters, does not use contractions, but refers to a different activity and location: Accident on I-24 W #NashvilleTraffic. Traffic moving 8m slower than usual. https://t.co/0GHk693EgJ",,
5,,,All residents asked to 'shelter in place' are being notified by officers. No other evacuation or shelter in place orders are expected,1,"write me a tweet similar to this one, under 141 characters, does not use contractions, but refers to a different activity and location:","write me a tweet similar to this one, under 141 characters, does not use contractions, but refers to a different activity and location: All residents asked to 'shelter in place' are being notified by officers. No other evacuation or shelter in place orders are expected",,
3802,detonate,Milton/Tallahassee,Apollo Brown ft. M.O.P- Detonate - http://t.co/OMfGv9ma1W,1,"write me a tweet similar to this one, under 141 characters, does not use contractions, but refers to a different activity and location:","write me a tweet similar to this one, under 141 characters, does not use contractions, but refers to a different activity and location: Apollo Brown ft. M.O.P- Detonate - http://t.co/OMfGv9ma1W",,
56,ablaze,,Barbados #Bridgetown JAMAICA ?ÛÒ Two cars set ablaze: SANTA CRUZ ?ÛÓ Head of the St Elizabeth Police Superintende...  http://t.co/wDUEaj8Q4J,1,"write me a tweet similar to this one, under 141 characters, does not use contractions, but refers to a different activity and location:","write me a tweet similar to this one, under 141 characters, does not use contractions, but refers to a different activity and location: Barbados #Bridgetown JAMAICA ?ÛÒ Two cars set ablaze: SANTA CRUZ ?ÛÓ Head of the St Elizabeth Police Superintende...  http://t.co/wDUEaj8Q4J",,
105,accident,Australia,BigRigRadio Live Accident Awareness,1,"write me a tweet similar to this one, under 141 characters, does not use contractions, but refers to a different activity and location:","write me a tweet similar to this one, under 141 characters, does not use contractions, but refers to a different activity and location: BigRigRadio Live Accident Awareness",,
3800,detonate,,Bomb squad set to detonate backpack Antioch Tenn. theater gunman had on him officials say - @Tennessean http://t.co/eb74iieIWn,1,"write me a tweet similar to this one, under 141 characters, does not use contractions, but refers to a different activity and location:","write me a tweet similar to this one, under 141 characters, does not use contractions, but refers to a different activity and location: Bomb squad set to detonate backpack Antioch Tenn. theater gunman had on him officials say - @Tennessean http://t.co/eb74iieIWn",,
126,accident,,Carolina accident: Motorcyclist Dies in I-540 Crash With Car That Crossed Median: A motorcycle rider traveling... http://t.co/p18lzRlmy6,1,"write me a tweet similar to this one, under 141 characters, does not use contractions, but refers to a different activity and location:","write me a tweet similar to this one, under 141 characters, does not use contractions, but refers to a different activity and location: Carolina accident: Motorcyclist Dies in I-540 Crash With Car That Crossed Median: A motorcycle rider traveling... http://t.co/p18lzRlmy6",,
20,,,Damage to school bus on 80 in multi car crash #BREAKING ,1,"write me a tweet similar to this one, under 141 characters, does not use contractions, but refers to a different activity and location:","write me a tweet similar to this one, under 141 characters, does not use contractions, but refers to a different activity and location: Damage to school bus on 80 in multi car crash #BREAKING ",,
73,ablaze,"Sheffield Township, Ohio",Deputies: Man shot before Brighton home set ablaze http://t.co/gWNRhMSO8k,1,"write me a tweet similar to this one, under 141 characters, does not use contractions, but refers to a different activity and location:","write me a tweet similar to this one, under 141 characters, does not use contractions, but refers to a different activity and location: Deputies: Man shot before Brighton home set ablaze http://t.co/gWNRhMSO8k",,
3810,detonate,"KÌ¦ln, Nordrhein-Westfalen",Detonate (feat. M.O.P.) by Apollo Brown http://t.co/fllaBzGCRc,1,"write me a tweet similar to this one, under 141 characters, does not use contractions, but refers to a different activity and location:","write me a tweet similar to this one, under 141 characters, does not use contractions, but refers to a different activity and location: Detonate (feat. M.O.P.) by Apollo Brown http://t.co/fllaBzGCRc",,
3879,detonation,New York,Detonation fashionable mountaineering electronic watch water-resistant couples leisure tab?Û_ http://t.co/7dYOgLhMRe http://t.co/HKm3rtD4ZF,1,"write me a tweet similar to this one, under 141 characters, does not use contractions, but refers to a different activity and location:","write me a tweet similar to this one, under 141 characters, does not use contractions, but refers to a different activity and location: Detonation fashionable mountaineering electronic watch water-resistant couples leisure tab?Û_ http://t.co/7dYOgLhMRe http://t.co/HKm3rtD4ZF",,
3877,detonation,,Don't miss Chris #Appy's detonation of the myths obscuring our crime in #Hiroshima 70 yrs ago this month. @salon http://t.co/DlP8kPkt2k,1,"write me a tweet similar to this one, under 141 characters, does not use contractions, but refers to a different activity and location:","write me a tweet similar to this one, under 141 characters, does not use contractions, but refers to a different activity and location: Don't miss Chris #Appy's detonation of the myths obscuring our crime in #Hiroshima 70 yrs ago this month. @salon http://t.co/DlP8kPkt2k",,
3855,detonation,,Dorman 917-033 Ignition Knock (Detonation) Sensor Connector http://t.co/WxCes39ZTe http://t.co/PyGKSSSCFR,1,"write me a tweet similar to this one, under 141 characters, does not use contractions, but refers to a different activity and location:","write me a tweet similar to this one, under 141 characters, does not use contractions, but refers to a different activity and location: Dorman 917-033 Ignition Knock (Detonation) Sensor Connector http://t.co/WxCes39ZTe http://t.co/PyGKSSSCFR",,
199,airplane%20accident,"Palo Alto, CA",Experts in France begin examining airplane debris found on Reunion Island: French air accident experts on Wedn... http://t.co/bKpFpOGySI,1,"write me a tweet similar to this one, under 141 characters, does not use contractions, but refers to a different activity and location:","write me a tweet similar to this one, under 141 characters, does not use contractions, but refers to a different activity and location: Experts in France begin examining airplane debris found on Reunion Island: French air accident experts on Wedn... http://t.co/bKpFpOGySI",,
203,airplane%20accident,"Spain but Opa-Locka, FL",family members of osama bin laden have died in an airplane accident how ironic ?????? mhmmm gov shit i suspect,1,"write me a tweet similar to this one, under 141 characters, does not use contractions, but refers to a different activity and location:","write me a tweet similar to this one, under 141 characters, does not use contractions, but refers to a different activity and location: family members of osama bin laden have died in an airplane accident how ironic ?????? mhmmm gov shit i suspect",,
4,,,Forest fire near La Ronge Sask. Canada,1,"write me a tweet similar to this one, under 141 characters, does not use contractions, but refers to a different activity and location:","write me a tweet similar to this one, under 141 characters, does not use contractions, but refers to a different activity and location: Forest fire near La Ronge Sask. Canada",,
128,accident,"New Hanover County, NC",FYI CAD:FYI: ;ACCIDENT PROPERTY DAMAGE;NHS;999 PINER RD/HORNDALE DR,1,"write me a tweet similar to this one, under 141 characters, does not use contractions, but refers to a different activity and location:","write me a tweet similar to this one, under 141 characters, does not use contractions, but refers to a different activity and location: FYI CAD:FYI: ;ACCIDENT PROPERTY DAMAGE;NHS;999 PINER RD/HORNDALE DR",,
133,accident,"New Hanover County, NC",FYI CAD:FYI: ;ACCIDENT PROPERTY DAMAGE;WPD;1600 S 17TH ST,1,"write me a tweet similar to this one, under 141 characters, does not use contractions, but refers to a different activity and location:","write me a tweet similar to this one, under 141 characters, does not use contractions, but refers to a different activity and location: FYI CAD:FYI: ;ACCIDENT PROPERTY DAMAGE;WPD;1600 S 17TH ST",,
17,,,Haha South Tampa is getting flooded hah- WAIT A SECOND I LIVE IN SOUTH TAMPA WHAT AM I GONNA DO WHAT AM I GONNA DO FVCK #flooding,1,"write me a tweet similar to this one, under 141 characters, does not use contractions, but refers to a different activity and location:","write me a tweet similar to this one, under 141 characters, does not use contractions, but refers to a different activity and location: Haha South Tampa is getting flooded hah- WAIT A SECOND I LIVE IN SOUTH TAMPA WHAT AM I GONNA DO WHAT AM I GONNA DO FVCK #flooding",,
205,airplane%20accident,Hyderabad Telangana INDIA,Horrible Accident  Man Died In Wings of Airplane (29-07-2015) http://t.co/i7kZtevb2v,1,"write me a tweet similar to this one, under 141 characters, does not use contractions, but refers to a different activity and location:","write me a tweet similar to this one, under 141 characters, does not use contractions, but refers to a different activity and location: Horrible Accident  Man Died In Wings of Airplane (29-07-2015) http://t.co/i7kZtevb2v",,
83,ablaze,"Edmonton, Alberta - Treaty 6",How the West was burned: Thousands of wildfires ablaze in #California alone http://t.co/iCSjGZ9tE1 #climate #energy http://t.co/9FxmN0l0Bd,1,"write me a tweet similar to this one, under 141 characters, does not use contractions, but refers to a different activity and location:","write me a tweet similar to this one, under 141 characters, does not use contractions, but refers to a different activity and location: How the West was burned: Thousands of wildfires ablaze in #California alone http://t.co/iCSjGZ9tE1 #climate #energy http://t.co/9FxmN0l0Bd",,
3954,devastation,Seattle,http://t.co/IQoWZgvZNl #LatestNews #CNBC #CNN  The anniversary of the devastation wrought by the first military use of an atomic weapon c?Û_,1,"write me a tweet similar to this one, under 141 characters, does not use contractions, but refers to a different activity and location:","write me a tweet similar to this one, under 141 characters, does not use contractions, but refers to a different activity and location: http://t.co/IQoWZgvZNl #LatestNews #CNBC #CNN  The anniversary of the devastation wrought by the first military use of an atomic weapon c?Û_",,
118,accident,Your Sister's Bedroom,I was in a horrible car accident this past Sunday. I'm finally able to get around. Thank you GOD??,1,"write me a tweet similar to this one, under 141 characters, does not use contractions, but refers to a different activity and location:","write me a tweet similar to this one, under 141 characters, does not use contractions, but refers to a different activity and location: I was in a horrible car accident this past Sunday. I'm finally able to get around. Thank you GOD??",,
107,accident,North Carolina,I-77 Mile Marker 31 South Mooresville  Iredell Vehicle Accident Ramp Closed at 8/6 1:18 PM,1,"write me a tweet similar to this one, under 141 characters, does not use contractions, but refers to a different activity and location:","write me a tweet similar to this one, under 141 characters, does not use contractions, but refers to a different activity and location: I-77 Mile Marker 31 South Mooresville  Iredell Vehicle Accident Ramp Closed at 8/6 1:18 PM",,
15,,,I'm afraid that the tornado is coming to our area...,1,"write me a tweet similar to this one, under 141 characters, does not use contractions, but refers to a different activity and location:","write me a tweet similar to this one, under 141 characters, does not use contractions, but refers to a different activity and location: I'm afraid that the tornado is coming to our area...",,
3949,devastation,,I'm in utter shock and devastation you don't go to work to be left feeling how I do now. Life really is too short ??,1,"write me a tweet similar to this one, under 141 characters, does not use contractions, but refers to a different activity and location:","write me a tweet similar to this one, under 141 characters, does not use contractions, but refers to a different activity and location: I'm in utter shock and devastation you don't go to work to be left feeling how I do now. Life really is too short ??",,
13,,,I'm on top of the hill and I can see a fire in the woods...,1,"write me a tweet similar to this one, under 141 characters, does not use contractions, but refers to a different activity and location:","write me a tweet similar to this one, under 141 characters, does not use contractions, but refers to a different activity and location: I'm on top of the hill and I can see a fire in the woods...",,
3853,detonation,,Ignition Knock (Detonation) Sensor-Senso Standard KS94 http://t.co/IhphZCkm41 http://t.co/wuICdTTUhf,1,"write me a tweet similar to this one, under 141 characters, does not use contractions, but refers to a different activity and location:","write me a tweet similar to this one, under 141 characters, does not use contractions, but refers to a different activity and location: Ignition Knock (Detonation) Sensor-Senso Standard KS94 http://t.co/IhphZCkm41 http://t.co/wuICdTTUhf",,
55,ablaze,World Wide!!,INEC Office in Abia Set Ablaze - http://t.co/3ImaomknnA,1,"write me a tweet similar to this one, under 141 characters, does not use contractions, but refers to a different activity and location:","write me a tweet similar to this one, under 141 characters, does not use contractions, but refers to a different activity and location: INEC Office in Abia Set Ablaze - http://t.co/3ImaomknnA",,
7,,,Just got sent this photo from Ruby #Alaska as smoke from #wildfires pours into a school ,1,"write me a tweet similar to this one, under 141 characters, does not use contractions, but refers to a different activity and location:","write me a tweet similar to this one, under 141 characters, does not use contractions, but refers to a different activity and location: Just got sent this photo from Ruby #Alaska as smoke from #wildfires pours into a school ",,
3900,devastated,PG Chillin!,Man Currensy really be talkin that talk... I'd be more devastated if he had a ghostwriter than anybody else....,1,"write me a tweet similar to this one, under 141 characters, does not use contractions, but refers to a different activity and location:","write me a tweet similar to this one, under 141 characters, does not use contractions, but refers to a different activity and location: Man Currensy really be talkin that talk... I'd be more devastated if he had a ghostwriter than anybody else....",,
204,airplane%20accident,"Jaipur, India",Man Goes into Airplane Engine Accident: http://t.co/TYJxrFd3St via @YouTube,1,"write me a tweet similar to this one, under 141 characters, does not use contractions, but refers to a different activity and location:","write me a tweet similar to this one, under 141 characters, does not use contractions, but refers to a different activity and location: Man Goes into Airplane Engine Accident: http://t.co/TYJxrFd3St via @YouTube",,
74,ablaze,India,Man wife get six years jail for setting ablaze niece http://t.co/eV1ahOUCZA,1,"write me a tweet similar to this one, under 141 characters, does not use contractions, but refers to a different activity and location:","write me a tweet similar to this one, under 141 characters, does not use contractions, but refers to a different activity and location: Man wife get six years jail for setting ablaze niece http://t.co/eV1ahOUCZA",,
3947,devastated,ACCRA GHANA,Obama Declares Disaster for Typhoon-Devastated Saipan: Obama signs disaster declaration for Northern Marians a... http://t.co/XDt4VHFn7B,1,"write me a tweet similar to this one, under 141 characters, does not use contractions, but refers to a different activity and location:","write me a tweet similar to this one, under 141 characters, does not use contractions, but refers to a different activity and location: Obama Declares Disaster for Typhoon-Devastated Saipan: Obama signs disaster declaration for Northern Marians a... http://t.co/XDt4VHFn7B",,
143,accident,,only had a car for not even a week and got in a fucking car accident .. Mfs can't fucking drive .,1,"write me a tweet similar to this one, under 141 characters, does not use contractions, but refers to a different activity and location:","write me a tweet similar to this one, under 141 characters, does not use contractions, but refers to a different activity and location: only had a car for not even a week and got in a fucking car accident .. Mfs can't fucking drive .",,
1,,,Our Deeds are the Reason of this #earthquake May ALLAH Forgive us all,1,"write me a tweet similar to this one, under 141 characters, does not use contractions, but refers to a different activity and location:","write me a tweet similar to this one, under 141 characters, does not use contractions, but refers to a different activity and location: Our Deeds are the Reason of this #earthquake May ALLAH Forgive us all",,
77,ablaze,Anaheim,Police: Arsonist Deliberately Set Black Church In North CarolinaåÊAblaze http://t.co/pcXarbH9An,1,"write me a tweet similar to this one, under 141 characters, does not use contractions, but refers to a different activity and location:","write me a tweet similar to this one, under 141 characters, does not use contractions, but refers to a different activity and location: Police: Arsonist Deliberately Set Black Church In North CarolinaåÊAblaze http://t.co/pcXarbH9An",,
104,accident,"Walker County, Alabama",Reported motor vehicle accident in Curry on Herman Rd near Stephenson involving an overturned vehicle. Please use... http://t.co/YbJezKuRW1,1,"write me a tweet similar to this one, under 141 characters, does not use contractions, but refers to a different activity and location:","write me a tweet similar to this one, under 141 characters, does not use contractions, but refers to a different activity and location: Reported motor vehicle accident in Curry on Herman Rd near Stephenson involving an overturned vehicle. Please use... http://t.co/YbJezKuRW1",,
129,accident,Maldives,RT nAAYf: First accident in years. Turning onto Chandanee Magu from near MMA. Taxi rammed into me while I was halfway turned. Everyone conf?Û_,1,"write me a tweet similar to this one, under 141 characters, does not use contractions, but refers to a different activity and location:","write me a tweet similar to this one, under 141 characters, does not use contractions, but refers to a different activity and location: RT nAAYf: First accident in years. Turning onto Chandanee Magu from near MMA. Taxi rammed into me while I was halfway turned. Everyone conf?Û_",,
197,airplane%20accident,Pennsylvania,Strict liability in the context of an airplane accident: Pilot error is a common component of most aviation cr... http://t.co/6CZ3bOhRd4,1,"write me a tweet similar to this one, under 141 characters, does not use contractions, but refers to a different activity and location:","write me a tweet similar to this one, under 141 characters, does not use contractions, but refers to a different activity and location: Strict liability in the context of an airplane accident: Pilot error is a common component of most aviation cr... http://t.co/6CZ3bOhRd4",,
136,accident,Alberta | Sask. | Montana,Suffield Alberta Accident https://t.co/bPTmlF4P10,1,"write me a tweet similar to this one, under 141 characters, does not use contractions, but refers to a different activity and location:","write me a tweet similar to this one, under 141 characters, does not use contractions, but refers to a different activity and location: Suffield Alberta Accident https://t.co/bPTmlF4P10",,
114,accident,"Njoro, Kenya",the pastor was not in the scene of the accident......who was the owner of the range rover ?,1,"write me a tweet similar to this one, under 141 characters, does not use contractions, but refers to a different activity and location:","write me a tweet similar to this one, under 141 characters, does not use contractions, but refers to a different activity and location: the pastor was not in the scene of the accident......who was the owner of the range rover ?",,
14,,,There's an emergency evacuation happening now in the building across the street,1,"write me a tweet similar to this one, under 141 characters, does not use contractions, but refers to a different activity and location:","write me a tweet similar to this one, under 141 characters, does not use contractions, but refers to a different activity and location: There's an emergency evacuation happening now in the building across the street",,
16,,,Three people died from the heat wave so far,1,"write me a tweet similar to this one, under 141 characters, does not use contractions, but refers to a different activity and location:","write me a tweet similar to this one, under 141 characters, does not use contractions, but refers to a different activity and location: Three people died from the heat wave so far",,
112,accident,"San Mateo County, CA",Traffic accident N CABRILLO HWY/MAGELLAN AV MIR (08/06/15 11:03:58),1,"write me a tweet similar to this one, under 141 characters, does not use contractions, but refers to a different activity and location:","write me a tweet similar to this one, under 141 characters, does not use contractions, but refers to a different activity and location: Traffic accident N CABRILLO HWY/MAGELLAN AV MIR (08/06/15 11:03:58)",,
80,ablaze,South Africa,TRUCK ABLAZE : R21. VOORTREKKER AVE. OUTSIDE OR TAMBO INTL. CARGO SECTION. http://t.co/8kscqKfKkF,1,"write me a tweet similar to this one, under 141 characters, does not use contractions, but refers to a different activity and location:","write me a tweet similar to this one, under 141 characters, does not use contractions, but refers to a different activity and location: TRUCK ABLAZE : R21. VOORTREKKER AVE. OUTSIDE OR TAMBO INTL. CARGO SECTION. http://t.co/8kscqKfKkF",,
3914,devastated,London,?ÛÏRichmond Coaches were devastated to hear of the death of their second driver Mr Chance who was sitting?Û_: Jam... http://t.co/dIalTa6t69,1,"write me a tweet similar to this one, under 141 characters, does not use contractions, but refers to a different activity and location:","write me a tweet similar to this one, under 141 characters, does not use contractions, but refers to a different activity and location: ?ÛÏRichmond Coaches were devastated to hear of the death of their second driver Mr Chance who was sitting?Û_: Jam... http://t.co/dIalTa6t69",,
3893,detonation,Brisbane.,We are on our way to Hiroshima. Today is the 70th anniversary of the detonation of the atomic bomb.,1,"write me a tweet similar to this one, under 141 characters, does not use contractions, but refers to a different activity and location:","write me a tweet similar to this one, under 141 characters, does not use contractions, but refers to a different activity and location: We are on our way to Hiroshima. Today is the 70th anniversary of the detonation of the atomic bomb.",,
3903,devastated,,Zayn Malik &amp; Perrie Edwards End Engagement: She?Ûªs ?Û÷Devastated?Ûª http://t.co/GedOxSPpL9 http://t.co/ACZRUOrYtD,1,"write me a tweet similar to this one, under 141 characters, does not use contractions, but refers to a different activity and location:","write me a tweet similar to this one, under 141 characters, does not use contractions, but refers to a different activity and location: Zayn Malik &amp; Perrie Edwards End Engagement: She?Ûªs ?Û÷Devastated?Ûª http://t.co/GedOxSPpL9 http://t.co/ACZRUOrYtD",,
3983,devastation,,70 Years After Atomic Bombs Japan Still Struggles With War Past: The anniversary of the devastation wrought b... http://t.co/Targ56iGBZ,1,"write me a tweet similar to this one, under 141 characters, does not use contractions, but refers to a different activity and location:","write me a tweet similar to this one, under 141 characters, does not use contractions, but refers to a different activity and location: 70 Years After Atomic Bombs Japan Still Struggles With War Past: The anniversary of the devastation wrought b... http://t.co/Targ56iGBZ",,
3984,devastation,EVERYWHERE,What would your city look like if it had been the subject of the #Hiroshima bombing? Hint-devastation. #BeyondtheBomb http://t.co/3nKcUlGVMW,1,"write me a tweet similar to this one, under 141 characters, does not use contractions, but refers to a different activity and location:","write me a tweet similar to this one, under 141 characters, does not use contractions, but refers to a different activity and location: What would your city look like if it had been the subject of the #Hiroshima bombing? Hint-devastation. #BeyondtheBomb http://t.co/3nKcUlGVMW",,
3990,devastation,"Denver, CO",$10M SETTLEMENT attained using our illustrations to help jurors understand the true devastation of internal injuries: http://t.co/2BaXg1WdPP,1,"write me a tweet similar to this one, under 141 characters, does not use contractions, but refers to a different activity and location:","write me a tweet similar to this one, under 141 characters, does not use contractions, but refers to a different activity and location: $10M SETTLEMENT attained using our illustrations to help jurors understand the true devastation of internal injuries: http://t.co/2BaXg1WdPP",,
3993,devastation,,#health #Newyear The anniversary of the devastation wrought by the first military use of an atomic weapon come...  http://t.co/yuo7jDnijx,1,"write me a tweet similar to this one, under 141 characters, does not use contractions, but refers to a different activity and location:","write me a tweet similar to this one, under 141 characters, does not use contractions, but refers to a different activity and location: #health #Newyear The anniversary of the devastation wrought by the first military use of an atomic weapon come...  http://t.co/yuo7jDnijx",,
3994,devastation,Washington DC,I visited Hiroshima in 2006. It is an incredible place. This model shows devastation of the bomb. http://t.co/Gid6jqN8UG,1,"write me a tweet similar to this one, under 141 characters, does not use contractions, but refers to a different activity and location:","write me a tweet similar to this one, under 141 characters, does not use contractions, but refers to a different activity and location: I visited Hiroshima in 2006. It is an incredible place. This model shows devastation of the bomb. http://t.co/Gid6jqN8UG",,
3996,devastation,,Water now tops the charts for highest global risk in terms of devastation?Û_ ahead of nuclear war or a global pandemic http://t.co/nbcvbSO9nm,1,"write me a tweet similar to this one, under 141 characters, does not use contractions, but refers to a different activity and location:","write me a tweet similar to this one, under 141 characters, does not use contractions, but refers to a different activity and location: Water now tops the charts for highest global risk in terms of devastation?Û_ ahead of nuclear war or a global pandemic http://t.co/nbcvbSO9nm",,
4000,disaster,"USA, Haiti, Nepal",More Natural Disaster Research Urgent http://t.co/5Cm0LfZhxn via #JakartaPost,1,"write me a tweet similar to this one, under 141 characters, does not use contractions, but refers to a different activity and location:","write me a tweet similar to this one, under 141 characters, does not use contractions, but refers to a different activity and location: More Natural Disaster Research Urgent http://t.co/5Cm0LfZhxn via #JakartaPost",,
4006,disaster,,å¬'Only the sea knows how many are dead' @MSF_Sea after last disaster in #Mediterranean turned into a massgrave  http://t.co/m0utLDif77,1,"write me a tweet similar to this one, under 141 characters, does not use contractions, but refers to a different activity and location:","write me a tweet similar to this one, under 141 characters, does not use contractions, but refers to a different activity and location: å¬'Only the sea knows how many are dead' @MSF_Sea after last disaster in #Mediterranean turned into a massgrave  http://t.co/m0utLDif77",,
4010,disaster,,@Tim_A_Roberts w/o giving up too much of Nana France reminds me of America right before the war in Iraq. A restlessness leading to disaster,1,"write me a tweet similar to this one, under 141 characters, does not use contractions, but refers to a different activity and location:","write me a tweet similar to this one, under 141 characters, does not use contractions, but refers to a different activity and location: @Tim_A_Roberts w/o giving up too much of Nana France reminds me of America right before the war in Iraq. A restlessness leading to disaster",,
4011,disaster,"Manila, Philippines",Strengthening partnerships #AfterHaiyan http://t.co/Ga14egplw9 #Haiyan #YolandaPh #Philippines #livelihood #disasterrecovery #disaster,1,"write me a tweet similar to this one, under 141 characters, does not use contractions, but refers to a different activity and location:","write me a tweet similar to this one, under 141 characters, does not use contractions, but refers to a different activity and location: Strengthening partnerships #AfterHaiyan http://t.co/Ga14egplw9 #Haiyan #YolandaPh #Philippines #livelihood #disasterrecovery #disaster",,
4017,disaster,Nigeria,CW500: Dealing with disaster - http://t.co/jq9nJ6Gko3,1,"write me a tweet similar to this one, under 141 characters, does not use contractions, but refers to a different activity and location:","write me a tweet similar to this one, under 141 characters, does not use contractions, but refers to a different activity and location: CW500: Dealing with disaster - http://t.co/jq9nJ6Gko3",,
4019,disaster,San Francisco,Blue Bell May Be Close to a Return From Its Listeria Disaster... Hot on #theneeds #Recipes http://t.co/F56v61AmPt,1,"write me a tweet similar to this one, under 141 characters, does not use contractions, but refers to a different activity and location:","write me a tweet similar to this one, under 141 characters, does not use contractions, but refers to a different activity and location: Blue Bell May Be Close to a Return From Its Listeria Disaster... Hot on #theneeds #Recipes http://t.co/F56v61AmPt",,
4020,disaster,"Hinton, W.Va.",Jeff Locke. Train wreck. F'in disaster. Fortunately the Pirates acquired a top quality starter in J.A... Oh wait. #Blowltan,1,"write me a tweet similar to this one, under 141 characters, does not use contractions, but refers to a different activity and location:","write me a tweet similar to this one, under 141 characters, does not use contractions, but refers to a different activity and location: Jeff Locke. Train wreck. F'in disaster. Fortunately the Pirates acquired a top quality starter in J.A... Oh wait. #Blowltan",,
4021,disaster,,#Metepec #Mexico - ?NIGHT DISASTER?...E(Oficial) @ #NitClub #mÌ¼sica #mÌ¼sica http://t.co/WTfJF9jjzs,1,"write me a tweet similar to this one, under 141 characters, does not use contractions, but refers to a different activity and location:","write me a tweet similar to this one, under 141 characters, does not use contractions, but refers to a different activity and location: #Metepec #Mexico - ?NIGHT DISASTER?...E(Oficial) @ #NitClub #mÌ¼sica #mÌ¼sica http://t.co/WTfJF9jjzs",,
4022,disaster,"Philadelphia, PA USA",DISASTER AVERTED: Police kill gunman with 'hoax device' at cinema http://t.co/tdHn9zy0ER  via #Foxnews,1,"write me a tweet similar to this one, under 141 characters, does not use contractions, but refers to a different activity and location:","write me a tweet similar to this one, under 141 characters, does not use contractions, but refers to a different activity and location: DISASTER AVERTED: Police kill gunman with 'hoax device' at cinema http://t.co/tdHn9zy0ER  via #Foxnews",,
4024,disaster,,TV: Vitaly Churkin Briliantly Exposes the Hypocrisy of the Ukraine's FM Klimkin About the MH17 Disaster http://t.co/tt4kVmvuJq,1,"write me a tweet similar to this one, under 141 characters, does not use contractions, but refers to a different activity and location:","write me a tweet similar to this one, under 141 characters, does not use contractions, but refers to a different activity and location: TV: Vitaly Churkin Briliantly Exposes the Hypocrisy of the Ukraine's FM Klimkin About the MH17 Disaster http://t.co/tt4kVmvuJq",,
4025,disaster,Naperville,Illinois Tornado Slipped Under The Radar Emergency Officials Say http://t.co/zhGu8yE1bj,1,"write me a tweet similar to this one, under 141 characters, does not use contractions, but refers to a different activity and location:","write me a tweet similar to this one, under 141 characters, does not use contractions, but refers to a different activity and location: Illinois Tornado Slipped Under The Radar Emergency Officials Say http://t.co/zhGu8yE1bj",,
4026,disaster,,Top insurer blasts lack of Australian Govt action on disaster mitigation http://t.co/sDgOUtWNtb via @smh,1,"write me a tweet similar to this one, under 141 characters, does not use contractions, but refers to a different activity and location:","write me a tweet similar to this one, under 141 characters, does not use contractions, but refers to a different activity and location: Top insurer blasts lack of Australian Govt action on disaster mitigation http://t.co/sDgOUtWNtb via @smh",,
